char_id,slug,name_zh,name_en,rarity,element,weapon_type,region,base_hp_lv90,base_atk_lv90,base_def_lv90,ascension_stat,ascension_stat_value,burst_cost,version,source
10000002,kamisato_ayaka,神里绫华,Kamisato Ayaka,5,cryo,sword,inazuma,12858,342,784,crit_dmg_pct,38.4,80,2.0,datamine
10000003,jean,琴,Jean,5,anemo,sword,mondstadt,14695,239,769,healing_bonus_pct,22.2,80,1.0,datamine
10000005,aether,空,Aether,5,,sword,other,10875,212,683,atk_pct,24,NA,1.0,datamine
10000006,lisa,丽莎,Lisa,4,electro,catalyst,mondstadt,9570,232,573,em,96,80,1.0,datamine
10000007,lumine,荧,Lumine,5,,sword,other,10875,212,683,atk_pct,24,NA,1.0,datamine
10000014,barbara,芭芭拉,Barbara,4,hydro,catalyst,mondstadt,9787,159,669,hp_pct,24,80,1.0,datamine
10000015,kaeya,凯亚,Kaeya,4,cryo,sword,mondstadt,11636,223,792,energy_recharge_pct,26.7,60,1.0,datamine
10000016,diluc,迪卢克,Diluc,5,pyro,claymore,mondstadt,12981,335,784,crit_rate_pct,19.2,40,1.0,datamine
10000020,razor,雷泽,Razor,4,electro,claymore,mondstadt,11962,234,751,physical_dmg_pct,30,80,1.0,datamine
10000021,amber,安柏,Amber,4,pyro,bow,mondstadt,9461,223,601,atk_pct,24,40,1.0,datamine
10000022,venti,温迪,Venti,5,anemo,bow,mondstadt,10531,263,669,energy_recharge_pct,32,60,1.0,datamine
10000023,xiangling,香菱,Xiangling,4,pyro,polearm,liyue,10875,225,669,em,96,80,1.0,datamine
10000024,beidou,北斗,Beidou,4,electro,claymore,liyue,13050,225,648,elemental_dmg_pct,24,80,1.0,datamine
10000025,xingqiu,行秋,Xingqiu,4,hydro,sword,liyue,10222,202,758,atk_pct,24,80,1.0,datamine
10000026,xiao,魈,Xiao,5,anemo,polearm,liyue,12736,349,799,crit_rate_pct,19.2,70,1.3,datamine
10000027,ningguang,凝光,Ningguang,4,geo,catalyst,liyue,9787,212,573,elemental_dmg_pct,24,40,1.0,datamine
10000029,klee,可莉,Klee,5,pyro,catalyst,mondstadt,10287,311,615,elemental_dmg_pct,28.8,60,1.0,datamine
10000030,zhongli,钟离,Zhongli,5,geo,polearm,liyue,14695,251,738,elemental_dmg_pct,28.8,40,1.1,datamine
10000031,fischl,菲谢尔,Fischl,4,electro,bow,mondstadt,9189,244,594,atk_pct,24,60,1.0,datamine
10000032,bennett,班尼特,Bennett,4,pyro,sword,mondstadt,12397,191,771,energy_recharge_pct,26.7,60,1.0,datamine
10000033,tartaglia,达达利亚,Tartaglia,5,hydro,bow,snezhnaya,13103,301,815,elemental_dmg_pct,28.8,60,1.1,datamine
10000034,noelle,诺艾尔,Noelle,4,geo,claymore,mondstadt,12071,191,799,def_pct,30,60,1.0,datamine
10000035,qiqi,七七,Qiqi,5,cryo,sword,liyue,12368,287,922,healing_bonus_pct,22.2,80,1.0,datamine
10000036,chongyun,重云,Chongyun,4,cryo,claymore,liyue,10984,223,648,atk_pct,24,40,1.0,datamine
10000037,ganyu,甘雨,Ganyu,5,cryo,bow,liyue,9797,335,630,crit_dmg_pct,38.4,60,1.2,datamine
10000038,albedo,阿贝多,Albedo,5,geo,sword,mondstadt,13226,251,876,elemental_dmg_pct,28.8,40,1.2,datamine
10000039,diona,迪奥娜,Diona,4,cryo,bow,mondstadt,9570,212,601,elemental_dmg_pct,24,80,1.1,datamine
10000041,mona,莫娜,Mona,5,hydro,catalyst,mondstadt,10409,287,653,energy_recharge_pct,32,60,1.0,datamine
10000042,keqing,刻晴,Keqing,5,electro,sword,liyue,13103,323,799,crit_dmg_pct,38.4,40,1.0,datamine
10000043,sucrose,砂糖,Sucrose,4,anemo,catalyst,mondstadt,9244,170,703,elemental_dmg_pct,24,80,1.0,datamine
10000044,xinyan,辛焱,Xinyan,4,pyro,claymore,liyue,11201,249,799,atk_pct,24,60,1.1,datamine
10000045,rosaria,罗莎莉亚,Rosaria,4,cryo,polearm,mondstadt,12289,240,710,atk_pct,24,60,1.4,datamine
10000046,hu_tao,胡桃,Hu Tao,5,pyro,polearm,liyue,15552,106,876,crit_dmg_pct,38.4,60,1.3,datamine
10000047,kaedehara_kazuha,枫原万叶,Kaedehara Kazuha,5,anemo,sword,inazuma,13348,297,807,em,115.2,60,1.6,datamine
10000048,yanfei,烟绯,Yanfei,4,pyro,catalyst,liyue,9352,240,587,elemental_dmg_pct,24,80,1.5,datamine
10000049,yoimiya,宵宫,Yoimiya,5,pyro,bow,inazuma,10164,323,615,crit_rate_pct,19.2,60,2.0,datamine
10000050,thoma,托马,Thoma,4,pyro,polearm,inazuma,10331,202,751,atk_pct,24,80,2.2,datamine
10000051,eula,优菈,Eula,5,cryo,claymore,mondstadt,13226,342,751,crit_dmg_pct,38.4,80,1.5,datamine
10000052,raiden_shogun,雷电将军,Raiden Shogun,5,electro,polearm,inazuma,12907,337,789,energy_recharge_pct,32,90,2.1,datamine
10000053,sayu,早柚,Sayu,4,anemo,claymore,inazuma,11854,244,745,em,96,80,2.0,datamine
10000054,sangonomiya_kokomi,珊瑚宫心海,Sangonomiya Kokomi,5,hydro,catalyst,inazuma,13471,234,657,elemental_dmg_pct,28.8,70,2.1,datamine
10000055,gorou,五郎,Gorou,4,geo,bow,inazuma,9570,183,648,elemental_dmg_pct,24,80,2.3,datamine
10000056,kujou_sara,九条裟罗,Kujou Sara,4,electro,bow,inazuma,9570,195,628,atk_pct,24,80,2.1,datamine
10000057,arataki_itto,荒泷一斗,Arataki Itto,5,geo,claymore,inazuma,12858,227,959,crit_rate_pct,19.2,70,2.3,datamine
10000058,yae_miko,八重神子,Yae Miko,5,electro,catalyst,inazuma,10372,340,569,crit_rate_pct,19.2,90,2.5,datamine
10000059,shikanoin_heizou,鹿野院平藏,Shikanoin Heizou,4,anemo,catalyst,inazuma,10657,225,684,elemental_dmg_pct,24,40,2.8,datamine
10000060,yelan,夜兰,Yelan,5,hydro,bow,liyue,14450,244,548,crit_rate_pct,19.2,70,2.7,datamine
10000061,kirara,绮良良,Kirara,4,dendro,sword,inazuma,12180,223,546,hp_pct,24,60,3.7,datamine
10000062,aloy,埃洛伊,Aloy,5,cryo,bow,other,10899,234,676,elemental_dmg_pct,28.8,40,2.1,datamine
10000063,shenhe,申鹤,Shenhe,5,cryo,polearm,liyue,12993,304,830,atk_pct,28.8,80,2.4,datamine
10000064,yun_jin,云堇,Yun Jin,4,geo,polearm,liyue,10657,191,734,energy_recharge_pct,26.7,60,2.4,datamine
10000065,kuki_shinobu,久岐忍,Kuki Shinobu,4,electro,sword,inazuma,12289,212,751,hp_pct,24,60,2.7,datamine
10000066,kamisato_ayato,神里绫人,Kamisato Ayato,5,hydro,sword,inazuma,13715,299,769,crit_dmg_pct,38.4,80,2.6,datamine
10000067,collei,柯莱,Collei,4,dendro,bow,sumeru,9787,200,601,atk_pct,24,60,3.0,datamine
10000068,dori,多莉,Dori,4,electro,claymore,sumeru,12397,223,723,hp_pct,24,80,3.0,datamine
10000069,tighnari,提纳里,Tighnari,5,dendro,bow,sumeru,10850,268,630,elemental_dmg_pct,28.8,40,3.0,datamine
10000070,nilou,妮露,Nilou,5,hydro,sword,sumeru,15185,230,729,hp_pct,28.8,70,3.1,datamine
10000071,cyno,赛诺,Cyno,5,electro,polearm,sumeru,12491,318,859,crit_dmg_pct,38.4,80,3.1,datamine
10000072,candace,坎蒂丝,Candace,4,hydro,polearm,sumeru,10875,212,683,hp_pct,24,60,3.1,datamine
10000073,nahida,纳西妲,Nahida,5,dendro,catalyst,sumeru,10360,299,630,em,115.2,50,3.2,datamine
10000074,layla,莱依拉,Layla,4,cryo,sword,sumeru,11092,217,655,hp_pct,24,40,3.2,datamine
10000075,wanderer,流浪者,Wanderer,5,anemo,catalyst,sumeru,10164,328,607,crit_rate_pct,19.2,60,3.3,datamine
10000076,faruzan,珐露珊,Faruzan,4,anemo,bow,sumeru,9570,196,628,atk_pct,24,80,3.3,datamine
10000077,yaoyao,瑶瑶,Yaoyao,4,dendro,polearm,liyue,12289,212,751,hp_pct,24,80,3.4,datamine
10000078,alhaitham,艾尔海森,Alhaitham,5,dendro,sword,sumeru,13348,313,782,elemental_dmg_pct,28.8,70,3.4,datamine
10000079,dehya,迪希雅,Dehya,5,pyro,claymore,sumeru,15675,265,628,hp_pct,28.8,70,3.5,datamine
10000080,mika,米卡,Mika,4,cryo,polearm,mondstadt,12506,223,713,hp_pct,24,70,3.5,datamine
10000081,kaveh,卡维,Kaveh,4,dendro,claymore,sumeru,11962,234,751,em,96,80,3.6,datamine
10000082,baizhu,白术,Baizhu,5,dendro,catalyst,liyue,13348,193,500,hp_pct,28.8,80,3.6,datamine
10000083,lynette,琳妮特,Lynette,4,anemo,sword,fontaine,12397,232,712,elemental_dmg_pct,24,70,4.0,datamine
10000084,lyney,林尼,Lyney,5,pyro,bow,fontaine,11021,318,538,crit_rate_pct,19.2,60,4.0,datamine
10000085,freminet,菲米尼,Freminet,4,cryo,claymore,fontaine,12071,255,708,atk_pct,24,60,4.0,datamine
10000086,wriothesley,莱欧斯利,Wriothesley,5,cryo,catalyst,fontaine,13593,311,763,crit_dmg_pct,38.4,60,4.1,datamine
10000087,neuvillette,那维莱特,Neuvillette,5,hydro,catalyst,fontaine,14695,208,576,crit_dmg_pct,38.4,70,4.1,datamine
10000088,charlotte,夏洛蒂,Charlotte,4,cryo,catalyst,fontaine,10766,173,546,atk_pct,24,80,4.2,datamine
10000089,furina,芙宁娜,Furina,5,hydro,sword,fontaine,15307,244,696,crit_rate_pct,19.2,60,4.2,datamine
10000090,chevreuse,夏沃蕾,Chevreuse,4,pyro,polearm,fontaine,11962,193,605,hp_pct,24,60,4.3,datamine
10000091,navia,娜维娅,Navia,5,geo,claymore,fontaine,12650,352,793,crit_dmg_pct,38.4,60,4.3,datamine
10000092,gaming,嘉明,Gaming,4,pyro,claymore,liyue,11419,302,703,atk_pct,24,60,4.4,datamine
10000093,xianyun,闲云,Xianyun,5,anemo,catalyst,liyue,10409,335,573,atk_pct,28.8,70,4.4,datamine
10000094,chiori,千织,Chiori,5,geo,sword,inazuma,11438,323,953,crit_rate_pct,19.2,50,4.5,datamine
10000095,sigewinne,希格雯,Sigewinne,5,hydro,bow,fontaine,13348,193,500,hp_pct,28.8,70,4.7,datamine
10000096,arlecchino,阿蕾奇诺,Arlecchino,5,pyro,polearm,snezhnaya,13103,342,765,crit_dmg_pct,38.4,60,4.6,datamine
10000097,sethos,赛索斯,Sethos,4,electro,bow,sumeru,9787,227,560,em,96,60,4.7,datamine
10000098,clorinde,克洛琳德,Clorinde,5,electro,sword,fontaine,12956,337,784,crit_rate_pct,19.2,60,4.7,datamine
10000099,emilie,艾梅莉埃,Emilie,5,dendro,polearm,fontaine,13568,335,730,crit_dmg_pct,38.4,50,4.8,datamine
10000100,kachina,卡齐娜,Kachina,4,geo,polearm,natlan,11799,217,792,elemental_dmg_pct,24,70,5.0,datamine
10000101,kinich,基尼奇,Kinich,5,dendro,claymore,natlan,12858,332,802,crit_dmg_pct,38.4,70,5.0,datamine
10000102,mualani,玛拉妮,Mualani,5,hydro,catalyst,natlan,15185,182,570,crit_rate_pct,19.2,60,5.0,datamine
10000103,xilonen,希诺宁,Xilonen,5,geo,sword,natlan,12405,275,930,def_pct,36,60,5.1,datamine
10000104,chasca,恰斯卡,Chasca,5,anemo,bow,natlan,9797,347,615,crit_rate_pct,19.2,60,5.2,datamine
10000105,ororon,欧洛伦,Ororon,4,electro,bow,natlan,9244,244,587,atk_pct,24,60,5.2,datamine
10000106,mavuika,玛薇卡,Mavuika,5,pyro,claymore,natlan,12552,359,792,crit_dmg_pct,38.4,NA,5.3,datamine
10000107,citlali,茜特菈莉,Citlali,5,cryo,catalyst,natlan,11634,127,763,em,115.2,60,5.3,datamine
10000108,lan_yan,蓝砚,Lan Yan,4,anemo,catalyst,liyue,9244,251,580,atk_pct,24,60,5.3,datamine
10000109,yumemizuki_mizuki,梦见月瑞希,Yumemizuki Mizuki,5,anemo,catalyst,inazuma,12736,215,757,em,115.2,60,5.4,datamine
10000110,iansan,伊安珊,Iansan,4,electro,polearm,natlan,10657,257,638,atk_pct,24,70,5.5,datamine
10000111,varesa,瓦雷莎,Varesa,5,electro,catalyst,natlan,12699,356,782,crit_rate_pct,19.2,70,5.5,datamine
10000112,escoffier,爱可菲,Escoffier,5,cryo,polearm,fontaine,13348,347,732,crit_rate_pct,19.2,60,5.6,datamine
10000113,ifa,伊法,Ifa,4,anemo,catalyst,natlan,10081,178,605,em,96,60,5.6,datamine
10000114,skirk,丝柯克,Skirk,5,cryo,sword,,12417,359,806,crit_dmg_pct,38.4,NA,5.7,datamine
10000115,dahlia,塔利雅,Dahlia,4,hydro,sword,mondstadt,12506,189,560,hp_pct,24,60,5.7,datamine
10000116,ineffa,伊涅芙,Ineffa,5,electro,polearm,nodkrai,12613,330,828,crit_rate_pct,19.2,60,5.8,datamine
10000117,manekin,奇偶·男性,Manekin,5,,sword,other,10875,212,683,atk_pct,24,NA,6.1,datamine
10000118,manekina,奇偶·女性,Manekina,5,,sword,other,10875,212,683,atk_pct,24,NA,6.1,datamine
10000119,lauma,菈乌玛,Lauma,5,dendro,catalyst,nodkrai,10654,255,669,em,115.2,60,6.0,datamine
10000120,flins,菲林斯,Flins,5,electro,polearm,nodkrai,12491,352,809,crit_dmg_pct,38.4,80,6.0,datamine
10000121,aino,爱诺,Aino,4,hydro,claymore,nodkrai,11201,242,607,em,96,50,6.0,datamine
10000122,nefer,奈芙尔,Nefer,5,dendro,catalyst,nodkrai,12704,344,799,crit_dmg_pct,38.4,60,6.1,datamine
10000123,durin,杜林,Durin,5,pyro,sword,mondstadt,12430,347,822,crit_dmg_pct,38.4,70,6.2,datamine
10000124,jahoda,雅珂达,Jahoda,4,anemo,bow,nodkrai,9646,223,580,healing_bonus_pct,18.5,70,6.2,datamine
10000125,columbina,哥伦比娅,Columbina,5,hydro,catalyst,nodkrai,14695,96,515,crit_rate_pct,19.2,60,6.3,datamine
10000126,zibai,兹白,Zibai,5,geo,sword,nodkrai,12919,225,957,crit_dmg_pct,38.4,60,6.3,datamine
10000127,illuga,叶洛亚,Illuga,4,geo,polearm,nodkrai,11962,191,814,em,96,60,6.3,datamine
10000128,varka,法尔伽,Varka,5,anemo,claymore,mondstadt,12613,353,795,crit_dmg_pct,38.4,60,6.4,datamine
10000129,lohen,洛恩,Lohen,5,cryo,polearm,mondstadt,12858,344,784,crit_dmg_pct,38.4,60,6.6,datamine
10000130,linnea,莉奈娅,Linnea,5,geo,bow,nodkrai,9895,144,907,crit_rate_pct,19.2,60,6.5,datamine
10000131,nicole,尼可,Nicole,5,pyro,catalyst,,10409,342,563,atk_pct,28.8,60,6.6,datamine
10000132,prune,布伦妮,Prune,4,anemo,catalyst,mondstadt,9679,221,580,atk_pct,24,70,6.6,datamine
10000133,sandrone,桑多涅,Sandrone,5,cryo,claymore,snezhnaya,13226,342,752,crit_rate_pct,19.2,60,6.7,datamine
10000140,vodyanitsa,沃雅妮莎,Vodyanitsa,5,hydro,catalyst,snezhnaya,14818,108,484,hp_pct,28.8,60,7.1,datamine
10000143,vesna,薇斯纳,Vesna,5,anemo,sword,snezhnaya,13262,354,730,crit_rate_pct,19.2,60,7.1,datamine
10000148,alyosha,阿罗夏,Alyosha,4,electro,polearm,snezhnaya,11962,265,703,energy_recharge_pct,26.7,70,7.0,datamine
10000150,odette,奥黛塔,Odette,5,cryo,sword,snezhnaya,12981,335,787,crit_dmg_pct,38.4,60,7.0,datamine
