char_id,slug,name_gg,slug_gg,role_tier_list,role_builds,role_character_page,agree,url,fetched_at,version,source
10000002,kamisato_ayaka,Ayaka,ayaka,main_dps,main_dps,,true,https://genshin.gg/tier-list/,2026-10-02,7.1,community
10000003,jean,Jean,jean,support,support,,true,https://genshin.gg/tier-list/,2026-10-02,7.1,community
10000006,lisa,Lisa,lisa,support,support,,true,https://genshin.gg/tier-list/,2026-10-02,7.1,community
10000014,barbara,Barbara,barbara,support,support,,true,https://genshin.gg/tier-list/,2026-10-02,7.1,community
10000015,kaeya,Kaeya,kaeya,sub_dps,sub_dps,,true,https://genshin.gg/tier-list/,2026-10-02,7.1,community
10000016,diluc,Diluc,diluc,main_dps,main_dps,,true,https://genshin.gg/tier-list/,2026-10-02,7.1,community
10000020,razor,Razor,razor,main_dps,main_dps,,true,https://genshin.gg/tier-list/,2026-10-02,7.1,community
10000021,amber,Amber,amber,sub_dps,sub_dps,,true,https://genshin.gg/tier-list/,2026-10-02,7.1,community
10000022,venti,Venti,venti,sub_dps,sub_dps,,true,https://genshin.gg/tier-list/,2026-10-02,7.1,community
10000023,xiangling,Xiangling,xiangling,sub_dps,sub_dps,,true,https://genshin.gg/tier-list/,2026-10-02,7.1,community
10000024,beidou,Beidou,beidou,sub_dps,sub_dps,,true,https://genshin.gg/tier-list/,2026-10-02,7.1,community
10000025,xingqiu,Xingqiu,xingqiu,sub_dps,sub_dps,,true,https://genshin.gg/tier-list/,2026-10-02,7.1,community
10000026,xiao,Xiao,xiao,main_dps,main_dps,,true,https://genshin.gg/tier-list/,2026-10-02,7.1,community
10000027,ningguang,Ningguang,ningguang,main_dps,main_dps,,true,https://genshin.gg/tier-list/,2026-10-02,7.1,community
10000029,klee,Klee,klee,main_dps,main_dps,,true,https://genshin.gg/tier-list/,2026-10-02,7.1,community
10000030,zhongli,Zhongli,zhongli,support,support,,true,https://genshin.gg/tier-list/,2026-10-02,7.1,community
10000031,fischl,Fischl,fischl,sub_dps,sub_dps,,true,https://genshin.gg/tier-list/,2026-10-02,7.1,community
10000032,bennett,Bennett,bennett,support,support,,true,https://genshin.gg/tier-list/,2026-10-02,7.1,community
10000033,tartaglia,Childe,childe,main_dps,main_dps,,true,https://genshin.gg/tier-list/,2026-10-02,7.1,community
10000034,noelle,Noelle,noelle,main_dps,main_dps,,true,https://genshin.gg/tier-list/,2026-10-02,7.1,community
10000035,qiqi,Qiqi,qiqi,support,support,,true,https://genshin.gg/tier-list/,2026-10-02,7.1,community
10000036,chongyun,Chongyun,chongyun,support,support,,true,https://genshin.gg/tier-list/,2026-10-02,7.1,community
10000037,ganyu,Ganyu,ganyu,main_dps,main_dps,,true,https://genshin.gg/tier-list/,2026-10-02,7.1,community
10000038,albedo,Albedo,albedo,sub_dps,sub_dps,,true,https://genshin.gg/tier-list/,2026-10-02,7.1,community
10000039,diona,Diona,diona,support,support,,true,https://genshin.gg/tier-list/,2026-10-02,7.1,community
10000041,mona,Mona,mona,support,support,,true,https://genshin.gg/tier-list/,2026-10-02,7.1,community
10000042,keqing,Keqing,keqing,main_dps,main_dps,,true,https://genshin.gg/tier-list/,2026-10-02,7.1,community
10000043,sucrose,Sucrose,sucrose,support,support,,true,https://genshin.gg/tier-list/,2026-10-02,7.1,community
10000044,xinyan,Xinyan,xinyan,support,main_dps,,false,https://genshin.gg/tier-list/,2026-10-02,7.1,community
10000045,rosaria,Rosaria,rosaria,support,support,,true,https://genshin.gg/tier-list/,2026-10-02,7.1,community
10000046,hu_tao,Hu Tao,hutao,main_dps,main_dps,,true,https://genshin.gg/tier-list/,2026-10-02,7.1,community
10000047,kaedehara_kazuha,Kazuha,kazuha,support,support,,true,https://genshin.gg/tier-list/,2026-10-02,7.1,community
10000048,yanfei,Yanfei,yanfei,main_dps,main_dps,,true,https://genshin.gg/tier-list/,2026-10-02,7.1,community
10000049,yoimiya,Yoimiya,yoimiya,main_dps,main_dps,,true,https://genshin.gg/tier-list/,2026-10-02,7.1,community
10000050,thoma,Thoma,thoma,support,support,,true,https://genshin.gg/tier-list/,2026-10-02,7.1,community
10000051,eula,Eula,eula,main_dps,main_dps,,true,https://genshin.gg/tier-list/,2026-10-02,7.1,community
10000052,raiden_shogun,Raiden,raiden,sub_dps,sub_dps,,true,https://genshin.gg/tier-list/,2026-10-02,7.1,community
10000053,sayu,Sayu,sayu,support,support,,true,https://genshin.gg/tier-list/,2026-10-02,7.1,community
10000054,sangonomiya_kokomi,Kokomi,kokomi,support,support,,true,https://genshin.gg/tier-list/,2026-10-02,7.1,community
10000055,gorou,Gorou,gorou,support,support,,true,https://genshin.gg/tier-list/,2026-10-02,7.1,community
10000056,kujou_sara,Sara,sara,support,support,,true,https://genshin.gg/tier-list/,2026-10-02,7.1,community
10000057,arataki_itto,Itto,itto,main_dps,main_dps,,true,https://genshin.gg/tier-list/,2026-10-02,7.1,community
10000058,yae_miko,Yae Miko,yaemiko,sub_dps,sub_dps,,true,https://genshin.gg/tier-list/,2026-10-02,7.1,community
10000059,shikanoin_heizou,Heizou,heizou,sub_dps,sub_dps,,true,https://genshin.gg/tier-list/,2026-10-02,7.1,community
10000060,yelan,Yelan,yelan,sub_dps,sub_dps,,true,https://genshin.gg/tier-list/,2026-10-02,7.1,community
10000061,kirara,Kirara,kirara,support,support,,true,https://genshin.gg/tier-list/,2026-10-02,7.1,community
10000062,aloy,Aloy,aloy,sub_dps,sub_dps,,true,https://genshin.gg/tier-list/,2026-10-02,7.1,community
10000063,shenhe,Shenhe,shenhe,support,support,,true,https://genshin.gg/tier-list/,2026-10-02,7.1,community
10000064,yun_jin,Yun Jin,yunjin,support,support,,true,https://genshin.gg/tier-list/,2026-10-02,7.1,community
10000065,kuki_shinobu,Kuki Shinobu,kukishinobu,sub_dps,sub_dps,,true,https://genshin.gg/tier-list/,2026-10-02,7.1,community
10000066,kamisato_ayato,Ayato,ayato,main_dps,main_dps,,true,https://genshin.gg/tier-list/,2026-10-02,7.1,community
10000067,collei,Collei,collei,support,support,,true,https://genshin.gg/tier-list/,2026-10-02,7.1,community
10000068,dori,Dori,dori,support,support,,true,https://genshin.gg/tier-list/,2026-10-02,7.1,community
10000069,tighnari,Tighnari,tighnari,sub_dps,sub_dps,,true,https://genshin.gg/tier-list/,2026-10-02,7.1,community
10000070,nilou,Nilou,nilou,support,support,,true,https://genshin.gg/tier-list/,2026-10-02,7.1,community
10000071,cyno,Cyno,cyno,main_dps,main_dps,,true,https://genshin.gg/tier-list/,2026-10-02,7.1,community
10000072,candace,Candace,candace,support,support,,true,https://genshin.gg/tier-list/,2026-10-02,7.1,community
10000073,nahida,Nahida,nahida,sub_dps,sub_dps,,true,https://genshin.gg/tier-list/,2026-10-02,7.1,community
10000074,layla,Layla,layla,support,support,,true,https://genshin.gg/tier-list/,2026-10-02,7.1,community
10000075,wanderer,Wanderer,wanderer,main_dps,main_dps,,true,https://genshin.gg/tier-list/,2026-10-02,7.1,community
10000076,faruzan,Faruzan,faruzan,support,support,,true,https://genshin.gg/tier-list/,2026-10-02,7.1,community
10000077,yaoyao,Yaoyao,yaoyao,support,support,,true,https://genshin.gg/tier-list/,2026-10-02,7.1,community
10000078,alhaitham,Alhaitham,alhaitham,main_dps,main_dps,,true,https://genshin.gg/tier-list/,2026-10-02,7.1,community
10000079,dehya,Dehya,dehya,support,support,,true,https://genshin.gg/tier-list/,2026-10-02,7.1,community
10000080,mika,Mika,mika,support,support,,true,https://genshin.gg/tier-list/,2026-10-02,7.1,community
10000081,kaveh,Kaveh,kaveh,main_dps,main_dps,,true,https://genshin.gg/tier-list/,2026-10-02,7.1,community
10000082,baizhu,Baizhu,baizhu,support,support,,true,https://genshin.gg/tier-list/,2026-10-02,7.1,community
10000083,lynette,Lynette,lynette,support,support,,true,https://genshin.gg/tier-list/,2026-10-02,7.1,community
10000084,lyney,Lyney,lyney,main_dps,main_dps,,true,https://genshin.gg/tier-list/,2026-10-02,7.1,community
10000085,freminet,Freminet,freminet,main_dps,main_dps,,true,https://genshin.gg/tier-list/,2026-10-02,7.1,community
10000086,wriothesley,Wriothesley,wriothesley,main_dps,main_dps,,true,https://genshin.gg/tier-list/,2026-10-02,7.1,community
10000087,neuvillette,Neuvillette,neuvillette,main_dps,main_dps,,true,https://genshin.gg/tier-list/,2026-10-02,7.1,community
10000088,charlotte,Charlotte,charlotte,support,support,,true,https://genshin.gg/tier-list/,2026-10-02,7.1,community
10000089,furina,Furina,furina,sub_dps,sub_dps,,true,https://genshin.gg/tier-list/,2026-10-02,7.1,community
10000090,chevreuse,Chevreuse,chevreuse,support,support,,true,https://genshin.gg/tier-list/,2026-10-02,7.1,community
10000091,navia,Navia,navia,main_dps,main_dps,,true,https://genshin.gg/tier-list/,2026-10-02,7.1,community
10000092,gaming,Gaming,gaming,main_dps,main_dps,,true,https://genshin.gg/tier-list/,2026-10-02,7.1,community
10000093,xianyun,Xianyun,xianyun,support,support,,true,https://genshin.gg/tier-list/,2026-10-02,7.1,community
10000094,chiori,Chiori,chiori,sub_dps,sub_dps,,true,https://genshin.gg/tier-list/,2026-10-02,7.1,community
10000095,sigewinne,Sigewinne,sigewinne,support,support,,true,https://genshin.gg/tier-list/,2026-10-02,7.1,community
10000096,arlecchino,Arlecchino,arlecchino,main_dps,main_dps,,true,https://genshin.gg/tier-list/,2026-10-02,7.1,community
10000097,sethos,Sethos,sethos,sub_dps,main_dps,,false,https://genshin.gg/tier-list/,2026-10-02,7.1,community
10000098,clorinde,Clorinde,clorinde,main_dps,main_dps,,true,https://genshin.gg/tier-list/,2026-10-02,7.1,community
10000099,emilie,Emilie,emilie,sub_dps,sub_dps,,true,https://genshin.gg/tier-list/,2026-10-02,7.1,community
10000100,kachina,Kachina,kachina,sub_dps,sub_dps,,true,https://genshin.gg/tier-list/,2026-10-02,7.1,community
10000101,kinich,Kinich,kinich,main_dps,main_dps,,true,https://genshin.gg/tier-list/,2026-10-02,7.1,community
10000102,mualani,Mualani,mualani,main_dps,main_dps,,true,https://genshin.gg/tier-list/,2026-10-02,7.1,community
10000103,xilonen,Xilonen,xilonen,support,support,,true,https://genshin.gg/tier-list/,2026-10-02,7.1,community
10000104,chasca,Chasca,chasca,main_dps,main_dps,,true,https://genshin.gg/tier-list/,2026-10-02,7.1,community
10000105,ororon,Ororon,ororon,support,sub_dps,,false,https://genshin.gg/tier-list/,2026-10-02,7.1,community
10000106,mavuika,Mavuika,mavuika,main_dps,main_dps,,true,https://genshin.gg/tier-list/,2026-10-02,7.1,community
10000107,citlali,Citlali,citlali,support,support,,true,https://genshin.gg/tier-list/,2026-10-02,7.1,community
10000108,lan_yan,Lan Yan,lanyan,support,support,,true,https://genshin.gg/tier-list/,2026-10-02,7.1,community
10000109,yumemizuki_mizuki,Yumemizuki Mizuki,yumemizukimizuki,main_dps,main_dps,,true,https://genshin.gg/tier-list/,2026-10-02,7.1,community
10000110,iansan,Iansan,iansan,support,support,,true,https://genshin.gg/tier-list/,2026-10-02,7.1,community
10000111,varesa,Varesa,varesa,main_dps,main_dps,,true,https://genshin.gg/tier-list/,2026-10-02,7.1,community
10000112,escoffier,Escoffier,escoffier,sub_dps,sub_dps,,true,https://genshin.gg/tier-list/,2026-10-02,7.1,community
10000113,ifa,Ifa,ifa,sub_dps,main_dps,,false,https://genshin.gg/tier-list/,2026-10-02,7.1,community
10000114,skirk,Skirk,skirk,main_dps,main_dps,,true,https://genshin.gg/tier-list/,2026-10-02,7.1,community
10000115,dahlia,Dahlia,dahlia,support,support,,true,https://genshin.gg/tier-list/,2026-10-02,7.1,community
10000116,ineffa,Ineffa,ineffa,sub_dps,sub_dps,,true,https://genshin.gg/tier-list/,2026-10-02,7.1,community
10000119,lauma,Lauma,lauma,support,support,,true,https://genshin.gg/tier-list/,2026-10-02,7.1,community
10000120,flins,Flins,flins,main_dps,main_dps,,true,https://genshin.gg/tier-list/,2026-10-02,7.1,community
10000121,aino,Aino,aino,support,support,,true,https://genshin.gg/tier-list/,2026-10-02,7.1,community
10000122,nefer,Nefer,nefer,main_dps,main_dps,,true,https://genshin.gg/tier-list/,2026-10-02,7.1,community
10000123,durin,Durin,durin,sub_dps,sub_dps,,true,https://genshin.gg/tier-list/,2026-10-02,7.1,community
10000124,jahoda,Jahoda,jahoda,support,support,,true,https://genshin.gg/tier-list/,2026-10-02,7.1,community
10000125,columbina,Columbina,columbina,sub_dps,support,,false,https://genshin.gg/tier-list/,2026-10-02,7.1,community
10000126,zibai,Zibai,zibai,main_dps,main_dps,,true,https://genshin.gg/tier-list/,2026-10-02,7.1,community
10000127,illuga,Illuga,illuga,support,support,,true,https://genshin.gg/tier-list/,2026-10-02,7.1,community
10000128,varka,Varka,varka,main_dps,main_dps,,true,https://genshin.gg/tier-list/,2026-10-02,7.1,community
10000129,lohen,Lohen,lohen,main_dps,main_dps,,true,https://genshin.gg/tier-list/,2026-10-02,7.1,community
10000130,linnea,Linnea,linnea,support,support,,true,https://genshin.gg/tier-list/,2026-10-02,7.1,community
10000131,nicole,Nicole,nicole,support,support,,true,https://genshin.gg/tier-list/,2026-10-02,7.1,community
10000132,prune,Prune,prune,support,support,,true,https://genshin.gg/tier-list/,2026-10-02,7.1,community
10000133,sandrone,Sandrone,sandrone,main_dps,main_dps,,true,https://genshin.gg/tier-list/,2026-10-02,7.1,community
10000140,vodyanitsa,,vodyanitsa,,,support,,https://genshin.gg/tier-list/,2026-10-02,7.1,community
10000143,vesna,,vesna,,,main_dps,,https://genshin.gg/tier-list/,2026-10-02,7.1,community
10000148,alyosha,Alyosha,alyosha,support,support,,true,https://genshin.gg/tier-list/,2026-10-02,7.1,community
10000150,odette,Odette,odette,sub_dps,sub_dps,,true,https://genshin.gg/tier-list/,2026-10-02,7.1,community
