set_id,slug,pieces,effect_index,effect_name,effect_type,effect_target,value,value_unit,condition,duration_sec,max_stacks,notes,version,source
10001,resolution_of_sojourner,2,1,,atk_pct,self,18,pct,,,,攻击力提高18%。,1.0,datamine
10001,resolution_of_sojourner,4,1,,,self,,,,,,重击的暴击率提升30%。,1.0,datamine
10002,brave_heart,2,1,,atk_pct,self,18,pct,,,,攻击力提高18%。,1.0,datamine
10002,brave_heart,4,1,,dmg_pct,self,30,pct,对生命值高于50%的敌人,,,对生命值高于50%的敌人，造成的伤害增加30%。,1.0,datamine
10003,defenders_will,2,1,,def_pct,self,30,pct,,,,防御力提高30%。,1.0,datamine
10003,defenders_will,4,1,,,self,,,队伍里每有不同一种元素类型的自己的角色,,,队伍里每有不同一种元素类型的自己的角色，自身获得30%相应的元素抗性。,1.0,datamine
10004,tiny_miracle,2,1,,elemental_res_pct,self,20,pct,,,,所有元素抗性提高20%。,1.0,datamine
10004,tiny_miracle,4,1,,,self,,,受到某个元素类型的伤害后,10,,受到某个元素类型的伤害后，相应的抗性提升30%，持续10秒。该效果每10秒只能触发一次。,1.0,datamine
10005,berserker,2,1,,crit_rate_pct,self,12,pct,,,,暴击率提高12%。,1.0,datamine
10005,berserker,4,1,,crit_rate_pct,self,24,pct,生命值低于70%时,,,生命值低于70%时，暴击率额外提升24%。,1.0,datamine
10006,martial_artist,2,1,,normal_attack_dmg_pct,self,15,pct,,,,普通攻击与重击造成的伤害提高15%。,1.0,datamine
10006,martial_artist,2,2,,charged_attack_dmg_pct,self,15,pct,,,,普通攻击与重击造成的伤害提高15%。,1.0,datamine
10006,martial_artist,4,1,,,self,,,施放元素战技后的8秒内,8,,施放元素战技后的8秒内，普通攻击和重击造成的伤害提升25%。,1.0,datamine
10007,instructor,2,1,,em,self,80,flat,,,,元素精通提高80点。,1.0,datamine
10007,instructor,4,1,,,team,,,触发元素反应后,8,,触发元素反应后，队伍中所有角色的元素精通提高120点，持续8秒。,1.0,datamine
10008,gambler,2,1,,elemental_skill_dmg_pct,self,20,pct,,,,元素战技造成的伤害提升20%。,1.0,datamine
10008,gambler,4,1,,,self,,,击败敌人时,,,击败敌人时，有100%概率清除元素战技的冷却时间。该效果每15秒至多触发一次。,1.0,datamine
10009,the_exile,2,1,,energy_recharge_pct,self,20,pct,,,,元素充能效率提高20%。,1.0,datamine
10009,the_exile,4,1,,,team,,,施放元素爆发后,6,,施放元素爆发后，每2秒为队伍中所有角色（不包括自己）恢复2点元素能量。该效果持续6秒，无法叠加。,1.0,datamine
10010,adventurer,2,1,,hp,self,1000,flat,,,,生命值上限提高1000点。,1.0,datamine
10010,adventurer,4,1,,,self,,,开启各类宝箱后的5秒内,,,开启各类宝箱后的5秒内，持续恢复30%生命值。,1.0,datamine
10011,lucky_dog,2,1,,def,self,100,flat,,,,防御力提高100点。,1.0,datamine
10011,lucky_dog,4,1,,,self,,,拾取摩拉时,,,拾取摩拉时，恢复300点生命值。,1.0,datamine
10012,scholar,2,1,,energy_recharge_pct,self,20,pct,,,,元素充能效率提高20%。,1.0,datamine
10012,scholar,4,1,,,team,,,获得元素微粒或元素晶球时,,,获得元素微粒或元素晶球时，队伍中所有弓箭和法器角色额外恢复3点元素能量。该效果每3秒只能触发一次。,1.0,datamine
10013,traveling_doctor,2,1,,incoming_healing_bonus_pct,self,20,pct,,,,角色受到的治疗效果提高20%。,1.0,datamine
10013,traveling_doctor,4,1,,,self,,,施放元素爆发时,,,施放元素爆发时，恢复20%生命值。,1.0,datamine
14001,blizzard_strayer,2,1,,cryo_dmg_pct,self,15,pct,,,,获得15%冰元素伤害加成。,1.2,datamine
14001,blizzard_strayer,4,1,,crit_rate_pct,self,20,pct,攻击处于冰元素影响下的敌人时,,,攻击处于冰元素影响下的敌人时，暴击率提高20%；若敌人处于冻结状态下，则暴击率额外提高20%。,1.2,datamine
14002,thundersoother,2,1,,electro_res_pct,self,40,pct,,,,雷元素抗性提高40%。,1.0,datamine
14002,thundersoother,4,1,,,self,,,,,,对处于雷元素影响下的敌人造成的伤害提升35%。,1.0,datamine
14003,lavawalker,2,1,,pyro_res_pct,self,40,pct,,,,火元素抗性提高40%。,1.0,datamine
14003,lavawalker,4,1,,,self,,,,,,对处于火元素影响下的敌人造成的伤害提升35%。,1.0,datamine
14004,maiden_beloved,2,1,,healing_bonus_pct,self,15,pct,,,,角色造成的治疗效果提升15%。,1.0,datamine
14004,maiden_beloved,4,1,,,team,,,施放元素战技或元素爆发后的10秒内,10,,施放元素战技或元素爆发后的10秒内，队伍中所有角色受治疗效果加成提高20%。,1.0,datamine
15001,gladiators_finale,2,1,,atk_pct,self,18,pct,,,,攻击力提高18%。,1.0,datamine
15001,gladiators_finale,4,1,,,self,,,装备该圣遗物套装的角色为单手剑、双手剑、长柄武器角色时,,,装备该圣遗物套装的角色为单手剑、双手剑、长柄武器角色时，角色普通攻击造成的伤害提高35%。,1.0,datamine
15002,viridescent_venerer,2,1,,anemo_dmg_pct,self,15,pct,,,,获得15%风元素伤害加成。,1.0,datamine
15002,viridescent_venerer,4,1,,,self,,,扩散反应造成的伤害提升60%,10,,扩散反应造成的伤害提升60%，星扩散反应造成的伤害提升20%。根据扩散的元素类型，降低受到影响的敌人40%的对应元素抗性，持续10秒。对敌人触发星扩散反应时，也会降低其40%的冰元素抗性。同元素类型的抗性降低效果无法叠加。,1.0,datamine
15003,wanderers_troupe,2,1,,em,self,80,flat,,,,元素精通提高80点。,1.0,datamine
15003,wanderers_troupe,4,1,,,self,,,装备该圣遗物套装的角色为法器、弓箭角色时,,,装备该圣遗物套装的角色为法器、弓箭角色时，角色重击造成的伤害提高35%。,1.0,datamine
15005,thundering_fury,2,1,,electro_dmg_pct,self,15,pct,,,,获得15%雷元素伤害加成。,1.0,datamine
15005,thundering_fury,4,1,,,self,,,超载、感电、超导、超绽放反应造成的伤害提升40%,,,超载、感电、超导、超绽放反应造成的伤害提升40%，超激化反应带来的伤害提升提高20%，月感电、星超导反应造成的伤害提升20%。触发上述元素反应或原激化反应时，元素战技冷却时间减少1秒。该效果每0.8秒最多触发一次。,1.0,datamine
15006,crimson_witch_of_flames,2,1,,pyro_dmg_pct,self,15,pct,,,,获得15%火元素伤害加成。,1.0,datamine
15006,crimson_witch_of_flames,4,1,,,self,,,超载、燃烧、烈绽放反应造成的伤害提升40%,10,3,超载、燃烧、烈绽放反应造成的伤害提升40%，蒸发、融化反应的加成系数提高15%。施放元素战技后的10秒内，2件套的效果提高50%，该效果最多叠加3次。,1.0,datamine
15007,noblesse_oblige,2,1,,elemental_burst_dmg_pct,self,20,pct,,,,元素爆发造成的伤害提升20%。,1.0,datamine
15007,noblesse_oblige,4,1,,,team,,,施放元素爆发后,12,,施放元素爆发后，队伍中所有角色攻击力提升20%，持续12秒。该效果不可叠加。,1.0,datamine
15008,bloodstained_chivalry,2,1,,physical_dmg_pct,self,25,pct,,,,造成的物理伤害提高25%。,1.0,datamine
15008,bloodstained_chivalry,4,1,,charged_attack_dmg_pct,self,50,pct,击败敌人后的10秒内,10,,击败敌人后的10秒内，施放重击时不消耗体力，且重击造成的伤害提升50%。,1.0,datamine
15014,archaic_petra,2,1,,geo_dmg_pct,self,15,pct,,,,获得15%岩元素伤害加成。,1.0,datamine
15014,archaic_petra,4,1,,elemental_dmg_pct,team,35,pct,获得结晶反应形成的晶片或触发月结晶反应时,10,,获得结晶反应形成的晶片或触发月结晶反应时，队伍中所有角色获得35%对应元素伤害加成，持续10秒。同时只能通过该效果获得一种元素伤害加成。,1.0,datamine
15015,retracing_bolide,2,1,,shield_strength_pct,self,35,pct,,,,护盾强效提高35%。,1.0,datamine
15015,retracing_bolide,4,1,,,self,,,处于护盾庇护下时,,,处于护盾庇护下时，额外获得40%普通攻击和重击伤害加成。,1.0,datamine
15016,heart_of_depth,2,1,,hydro_dmg_pct,self,15,pct,,,,获得15%水元素伤害加成。,1.2,datamine
15016,heart_of_depth,4,1,,,self,,,施放元素战技后的15秒内,15,,施放元素战技后的15秒内，普通攻击与重击造成的伤害提高30%。,1.2,datamine
15017,tenacity_of_the_millelith,2,1,,hp_pct,self,20,pct,,,,生命值提升20%。,1.5,datamine
15017,tenacity_of_the_millelith,4,1,,,team,,,元素战技命中敌人后,3,,元素战技命中敌人后，使队伍中附近的所有角色攻击力提升20%，护盾强效提升30%，持续3秒。该效果每0.5秒至多触发一次。装备此圣遗物套装的角色处于队伍后台时，依然能触发该效果。,1.5,datamine
15018,pale_flame,2,1,,physical_dmg_pct,self,25,pct,,,,造成的物理伤害提高25%。,1.5,datamine
15018,pale_flame,4,1,,atk_pct,self,9,pct,元素战技命中敌人后,7,2,元素战技命中敌人后，攻击力提升9%。该效果持续7秒，至多叠加2层，每0.3秒至多触发一次。叠满2层时，2件套的效果提升100%。,1.5,datamine
15019,shimenawas_reminiscence,2,1,,atk_pct,self,18,pct,,,,攻击力提高18%。,2.0,datamine
15019,shimenawas_reminiscence,4,1,,plunging_attack_dmg_pct,self,50,pct,施放元素战技时,10,,施放元素战技时，如果角色的元素能量高于或等于15点，则会流失15点元素能量，使接下来的10秒内，普通攻击、重击、下落攻击造成的伤害提高50%，持续期间内该效果不会再次触发。,2.0,datamine
15020,emblem_of_severed_fate,2,1,,energy_recharge_pct,self,20,pct,,,,元素充能效率提高20%。,2.0,datamine
15020,emblem_of_severed_fate,4,1,,,self,,,基于元素充能效率的25%,,,基于元素充能效率的25%，提高元素爆发造成的伤害。至多通过这种方式获得75%提升。,2.0,datamine
15021,husk_of_opulent_dreams,2,1,,def_pct,self,30,pct,,,,防御力提高30%。,2.3,datamine
15021,husk_of_opulent_dreams,4,1,,,self,,,装备此圣遗物套装的角色在以下情况下,,4,装备此圣遗物套装的角色在以下情况下，将获得「问答」效果：在场上用岩元素攻击命中敌人后获得一层，每0.3秒至多触发一次；在队伍后台中，每3秒获得一层。问答至多叠加4层，每层能提供6%防御力与6%岩元素伤害加成。每6秒，若未获得问答效果，将损失一层。,2.3,datamine
15022,ocean_hued_clam,2,1,,healing_bonus_pct,self,15,pct,,,,治疗加成提高15%。,2.3,datamine
15022,ocean_hued_clam,4,1,,,self,,,装备此圣遗物套装的角色对队伍中的角色进行治疗时,,,装备此圣遗物套装的角色对队伍中的角色进行治疗时，将产生持续3秒的海染泡沫，记录治疗的生命值回复量（包括溢出值）。持续时间结束时，海染泡沫将会爆炸，对周围的敌人造成90%累计回复量的伤害（该伤害结算方式同感电、超导等元素反应，但不受元素精通、等级或反应伤害加成效果影响）。每3.5秒至多产生一个海染泡沫,2.3,datamine
15023,vermillion_hereafter,2,1,,atk_pct,self,18,pct,,,,攻击力提高18%。,2.6,datamine
15023,vermillion_hereafter,4,1,,,self,,,施放元素爆发后,16,,施放元素爆发后，将产生持续16秒的「潜光」效果：攻击力提升8%；并在角色的生命值降低时，攻击力进一步提升10%，至多通过这种方式提升4次，每0.8秒至多触发一次。「潜光」效果将在角色退场时消失；持续期间再次施放元素爆发，将移除原有的「潜光」。,2.6,datamine
15024,echoes_of_an_offering,2,1,,atk_pct,self,18,pct,,,,攻击力提高18%。,2.6,datamine
15024,echoes_of_an_offering,4,1,,,self,,,普通攻击命中敌人时,,,普通攻击命中敌人时，有36%概率触发「幽谷祝祀」：普通攻击造成的伤害提高，伤害提高值为攻击力的70%，该效果将在普通攻击造成伤害后的0.05秒后清除。普通攻击未触发「幽谷祝祀」时，会使下次触发概率提升20%；0.2秒内至多判定1次触发与否。,2.6,datamine
15025,deepwood_memories,2,1,,dendro_dmg_pct,self,15,pct,,,,获得15%草元素伤害加成。,3.0,datamine
15025,deepwood_memories,4,1,,dendro_res_shred_pct,self,30,pct,元素战技或元素爆发命中敌人后,8,,元素战技或元素爆发命中敌人后，使命中目标的草元素抗性降低30%，持续8秒。装备者处于队伍后台时，依然能触发该效果。,3.0,datamine
15026,gilded_dreams,2,1,,em,self,80,flat,,,,元素精通提高80点。,3.0,datamine
15026,gilded_dreams,4,1,,atk_pct,team,14,pct,触发元素反应后的8秒内,,,触发元素反应后的8秒内，会根据队伍内其他角色的元素类型，使装备者获得强化：队伍中每存在1个和装备者同类元素的角色，攻击力提升14%；每存在1个和装备者不同元素类型的角色，元素精通提升50点。上述每类效果至多计算3个角色。该效果每8秒至多触发一次。装备者处于队伍后台时，依然能触发该效果。,3.0,datamine
15027,desert_pavilion_chronicle,2,1,,anemo_dmg_pct,self,15,pct,,,,获得15%风元素伤害加成。,3.3,datamine
15027,desert_pavilion_chronicle,4,1,,normal_attack_dmg_pct,self,40,pct,重击命中敌人后,15,,重击命中敌人后，该角色的普通攻击速度提升10%，普通攻击、重击与下落攻击造成的伤害提升40%，持续15秒。,3.3,datamine
15027,desert_pavilion_chronicle,4,2,,charged_attack_dmg_pct,self,40,pct,重击命中敌人后,15,,重击命中敌人后，该角色的普通攻击速度提升10%，普通攻击、重击与下落攻击造成的伤害提升40%，持续15秒。,3.3,datamine
15027,desert_pavilion_chronicle,4,3,,plunging_dmg_pct,self,40,pct,重击命中敌人后,15,,重击命中敌人后，该角色的普通攻击速度提升10%，普通攻击、重击与下落攻击造成的伤害提升40%，持续15秒。,3.3,datamine
15028,flower_of_paradise_lost,2,1,,em,self,80,flat,,,,元素精通提高80点。,3.3,datamine
15028,flower_of_paradise_lost,4,1,,,self,,,装备者绽放、超绽放、烈绽放反应造成的伤害提升40%,,4,装备者绽放、超绽放、烈绽放反应造成的伤害提升40%，造成的月绽放反应伤害提升10%。此外，装备者触发绽放、超绽放、烈绽放、月绽放后，上述效果带来的加成提升25%，该效果持续10秒，至多叠加4次，每1秒至多触发一次。装备者处于队伍后台时依然能触发该效果。,3.3,datamine
15029,nymphs_dream,2,1,,hydro_dmg_pct,self,15,pct,,,,获得15%水元素伤害加成。,3.6,datamine
15029,nymphs_dream,4,1,,,self,,,普通攻击、重击、下落攻击、元素战技或元素爆发命中敌人后,,,普通攻击、重击、下落攻击、元素战技或元素爆发命中敌人后，将产生1层持续8秒的「镜中水仙」效果。处于1/2/3层及以上「镜中水仙」效果下时，攻击力将提高7%/16%/25%，水元素伤害加成提升4%/9%/15%。由普通攻击、重击、下落攻击、元素战技或元素爆发产生的「镜中水仙」将分别独立存在。,3.6,datamine
15030,vourukashas_glow,2,1,,hp_pct,self,20,pct,,,,生命值提升20%。,3.6,datamine
15030,vourukashas_glow,4,1,,,self,,,元素战技与元素爆发造成的伤害提升10%；装备者受到伤害后的5秒内,5,,元素战技与元素爆发造成的伤害提升10%；装备者受到伤害后的5秒内，上述伤害提升效果提高80%，该提高效果至多叠加5层，每层持续时间独立计算，处于队伍后台时依然能触发该效果。,3.6,datamine
15031,marechaussee_hunter,2,1,,normal_attack_dmg_pct,self,15,pct,,,,普通攻击与重击造成的伤害提高15%。,4.0,datamine
15031,marechaussee_hunter,2,2,,charged_attack_dmg_pct,self,15,pct,,,,普通攻击与重击造成的伤害提高15%。,4.0,datamine
15031,marechaussee_hunter,4,1,,,self,,,当前生命值提升或降低时,5,3,当前生命值提升或降低时，暴击率提升12%，该效果持续5秒，至多叠加3次。,4.0,datamine
15032,golden_troupe,2,1,,elemental_skill_dmg_pct,self,20,pct,,,,元素战技造成的伤害提升20%。,4.0,datamine
15032,golden_troupe,4,1,,elemental_skill_dmg_pct,self,25,pct,元素战技造成的伤害提升25%；此外,,,元素战技造成的伤害提升25%；此外，处于队伍后台时，元素战技造成的伤害还将进一步提升25%，该效果将在登场后2秒移除。,4.0,datamine
15033,song_of_days_past,2,1,,healing_bonus_pct,self,15,pct,,,,治疗加成提高15%。,4.3,datamine
15033,song_of_days_past,4,1,,,self,,,装备者对队伍中的角色进行治疗时,6,,装备者对队伍中的角色进行治疗时，将产生持续6秒的渴盼效果，记录治疗的生命值回复量（包括溢出值）。持续时间结束时，渴盼效果将转变为「彼时的浪潮」效果：队伍中自己的当前场上角色的普通攻击、重击、下落攻击、元素战技与元素爆发命中敌人时，将基于渴盼效果所记录的回复量的8%提高造成的伤害，「彼时的浪潮」将在生,4.3,datamine
15034,nighttime_whispers_in_the_echoing_woods,2,1,,atk_pct,self,18,pct,,,,攻击力提高18%。,4.3,datamine
15034,nighttime_whispers_in_the_echoing_woods,4,1,,,self,,,施放元素战技后的10秒内,10,,施放元素战技后的10秒内，岩元素伤害加成提升20%；若处于结晶反应产生的护盾庇护下，或附近存在月结晶反应产生的月笼，上述效果提高150%，进一步提高的效果将在不满足上述条件的1秒后移除。,4.3,datamine
15035,fragment_of_harmonic_whimsy,2,1,,atk_pct,self,18,pct,,,,攻击力提高18%。,4.6,datamine
15035,fragment_of_harmonic_whimsy,4,1,,,self,,,生命之契的数值提升或降低时,6,3,生命之契的数值提升或降低时，角色造成的伤害提升18%，该效果持续6秒，至多叠加3次。,4.6,datamine
15036,unfinished_reverie,2,1,,atk_pct,self,18,pct,,,,攻击力提高18%。,4.6,datamine
15036,unfinished_reverie,4,1,,,self,,,脱离战斗状态3秒后,3,,脱离战斗状态3秒后，造成的伤害提升50%。在战斗状态下，附近不存在处于燃烧状态下的敌人超过6秒后，上述伤害提升效果每秒降低10%，直到降低至0%；存在处于燃烧状态下的敌人时，每秒提升10%，直到达到50%。装备此圣遗物套装的角色处于队伍后台时，依然会触发该效果。,4.6,datamine
15037,scroll_of_the_hero_of_cinder_city,2,1,,energy_regen,self,6,flat,,,,队伍中附近的角色触发「夜魂迸发」时，装备者恢复6点元素能量。,5.0,datamine
15037,scroll_of_the_hero_of_cinder_city,4,1,,elemental_dmg_pct,team,12,pct,装备者触发其对应元素类型的相关反应后,,,装备者触发其对应元素类型的相关反应后，队伍中附近的所有角色的该元素反应相关的元素伤害加成提升12%，持续15秒。若触发该效果时，装备者处于夜魂加持状态下，还将使队伍中附近的所有角色的与该元素反应相关的元素伤害加成提升28%，持续20秒。装备者处于后台时也能触发上述效果。同名圣遗物套装产生的伤害加成效,5.0,datamine
15038,obsidian_codex,2,1,,dmg_pct,self,15,pct,,,,装备者处于夜魂加持状态，并且在场上时，造成的伤害提高15%。,5.0,datamine
15038,obsidian_codex,4,1,,crit_rate_pct,self,40,pct,装备者在场上消耗1点夜魂值后,6,,装备者在场上消耗1点夜魂值后，暴击率提高40%，持续6秒。该效果每1秒至多触发一次。,5.0,datamine
15039,long_nights_oath,2,1,,plunging_dmg_pct,self,25,pct,,,,下落攻击造成的伤害提升25%。,5.5,datamine
15039,long_nights_oath,4,1,,,self,,,装备者的下落攻击/重击/元素战技命中敌人后,6,5,装备者的下落攻击/重击/元素战技命中敌人后，获得1/2/2层「永照的流辉」，由下落攻击、重击或元素战技产生的该效果分别每1秒至多触发一次。永照的流辉：下落攻击造成的伤害提升15%，持续6秒，至多叠加5层，每层持续时间独立计算。,5.5,datamine
15040,finale_of_the_deep_galleries,2,1,,cryo_dmg_pct,self,15,pct,,,,获得15%冰元素伤害加成。,5.5,datamine
15040,finale_of_the_deep_galleries,4,1,,normal_attack_dmg_pct,self,60,pct,装备者的元素能量为0时,,,装备者的元素能量为0时，普通攻击造成的伤害提升60%，元素爆发造成的伤害提升60%。装备者的普通攻击造成伤害后，上述元素爆发伤害提升效果将失效6秒；装备者的元素爆发造成伤害后，上述普通攻击伤害提升效果将失效6秒。角色处于队伍后台也能触发。,5.5,datamine
15041,night_of_the_skys_unveiling,2,1,,em,self,80,flat,,,,元素精通提高80点。,6.0,datamine
15041,night_of_the_skys_unveiling,4,1,,,team,,,队伍中附近的角色触发月曜反应时,4,,队伍中附近的角色触发月曜反应时，若装备者在场上，将获得持续4秒的「月辉明光·蓄念」效果：队伍的月兆为初辉/满辉时，暴击率提升15%/30%。队伍中的角色每拥有一种不同的「月辉明光」效果，队伍中的所有角色触发的月曜反应造成的伤害提升10%。由「月辉明光」产生的效果无法叠加。,6.0,datamine
15042,silken_moons_serenade,2,1,,energy_recharge_pct,self,20,pct,,,,元素充能效率提高20%。,6.0,datamine
15042,silken_moons_serenade,4,1,,,team,,,造成元素伤害时,8,,造成元素伤害时，获得持续8秒的「月辉明光·崇信」效果：队伍的月兆为初辉/满辉时，队伍中的所有角色的元素精通提高60点/120点。装备者处于后台时也能触发上述效果。队伍中的角色每拥有一种不同的「月辉明光」效果，队伍中的所有角色触发的月曜反应造成的伤害提升10%。由「月辉明光」产生的效果无法叠加。,6.0,datamine
15043,aubade_of_morningstar_and_moon,2,1,,em,self,80,flat,,,,元素精通提高80点。,6.3,datamine
15043,aubade_of_morningstar_and_moon,4,1,,,self,,,装备者处于队伍后台时,3,,装备者处于队伍后台时，造成的月曜反应伤害提升20%；队伍的月兆等级至少为满辉时，造成的月曜反应伤害进一步提升40%。上述效果将在装备者位于场上3秒后移除。,6.3,datamine
15044,a_day_carved_from_rising_winds,2,1,,atk_pct,self,18,pct,,,,攻击力提高18%。,6.3,datamine
15044,a_day_carved_from_rising_winds,4,1,,atk_pct,self,25,pct,普通攻击、重击、元素战技或元素爆发命中敌人后,6,,普通攻击、重击、元素战技或元素爆发命中敌人后，将获得持续6秒的「风与牧歌的眷怜」：攻击力提高25%。若装备者已经完成了「魔女的课业」，则「风与牧歌的眷怜」将会升级为「风与牧歌的决意」，额外使通过考验的装备者的暴击率提升20%。装备者处于队伍后台时，也能触发上述效果。,6.3,datamine
15045,celestial_gift,2,1,,energy_recharge_pct,self,20,pct,,,,元素充能效率提高20%。,6.6,datamine
15045,celestial_gift,4,1,,elemental_dmg_pct,team,20,pct,若装备者已经完成了魔女的课业,20,,若装备者已经完成了魔女的课业，则施放元素战技后，会获得「天光之引」效果：依据装备者的元素类型，使队伍中附近的所有角色获得20%对应元素伤害加成，持续20秒。装备者处于后台时也能触发上述效果，同名圣遗物套装产生的伤害加成效果无法叠加。 ·队伍拥有「魔导·秘仪」效果时，「天光之引」效果将会升级为「凡世颂,6.6,datamine
15046,disenchantment_in_deep_shadow,2,1,,atk_pct,self,18,pct,,,,攻击力提高18%。,6.6,datamine
15046,disenchantment_in_deep_shadow,4,1,,crit_rate_pct,self,16,pct,超导反应造成的伤害提升80%,,,超导反应造成的伤害提升80%，星超导反应造成的伤害提升40%；装备者攻击受到超导或星超导反应影响的敌人时，本次攻击的暴击率提高16%。,6.6,datamine
15047,scarlet_proof,2,1,,atk_pct,self,18,pct,,,,攻击力提高18%。,7.0,datamine
15047,scarlet_proof,4,1,,,self,,,装备者触发星扩散反应后的10秒内,10,,装备者触发星扩散反应后的10秒内，暴击率提升16%，星扩散反应伤害提升40%。,7.0,datamine
15048,heart_of_the_furnace,2,1,,atk_pct,self,18,pct,,,,攻击力提高18%。,7.0,datamine
15048,heart_of_the_furnace,4,1,,,team,,,装备者触发星烁反应或造成星烁反应伤害后的12秒内,12,,装备者触发星烁反应或造成星烁反应伤害后的12秒内，攻击力提升12%，队伍中附近的所有角色造成的星烁反应伤害提升50%。装备者处于后台时也能触发上述效果。同名圣遗物套装产生的伤害加成效果无法叠加。,7.0,datamine
