level,player_multiplier,enemy_multiplier,shield_multiplier,version,source,source_url
1,17.165606,17.165606,91.1791,7.1,community,https://github.com/KQM-git/TCL/blob/106c0f3f1b349df0d76297243c72cd0dc043aa01/src/data/elemental_curves/player.json
2,18.535048,18.535048,98.707664,7.1,community,https://github.com/KQM-git/TCL/blob/106c0f3f1b349df0d76297243c72cd0dc043aa01/src/data/elemental_curves/player.json
3,19.904854,19.904854,106.23622,7.1,community,https://github.com/KQM-git/TCL/blob/106c0f3f1b349df0d76297243c72cd0dc043aa01/src/data/elemental_curves/player.json
4,21.274902,21.274902,113.76477,7.1,community,https://github.com/KQM-git/TCL/blob/106c0f3f1b349df0d76297243c72cd0dc043aa01/src/data/elemental_curves/player.json
5,22.6454,22.6454,121.29332,7.1,community,https://github.com/KQM-git/TCL/blob/106c0f3f1b349df0d76297243c72cd0dc043aa01/src/data/elemental_curves/player.json
6,24.649612,24.649612,128.82188,7.1,community,https://github.com/KQM-git/TCL/blob/106c0f3f1b349df0d76297243c72cd0dc043aa01/src/data/elemental_curves/player.json
7,26.640642,26.640642,136.35042,7.1,community,https://github.com/KQM-git/TCL/blob/106c0f3f1b349df0d76297243c72cd0dc043aa01/src/data/elemental_curves/player.json
8,28.868587,28.868587,143.87898,7.1,community,https://github.com/KQM-git/TCL/blob/106c0f3f1b349df0d76297243c72cd0dc043aa01/src/data/elemental_curves/player.json
9,31.36768,31.36768,151.40752,7.1,community,https://github.com/KQM-git/TCL/blob/106c0f3f1b349df0d76297243c72cd0dc043aa01/src/data/elemental_curves/player.json
10,34.143345,34.143345,158.93608,7.1,community,https://github.com/KQM-git/TCL/blob/106c0f3f1b349df0d76297243c72cd0dc043aa01/src/data/elemental_curves/player.json
11,37.201,37.201,169.99149,7.1,community,https://github.com/KQM-git/TCL/blob/106c0f3f1b349df0d76297243c72cd0dc043aa01/src/data/elemental_curves/player.json
12,40.66,40.66,181.07625,7.1,community,https://github.com/KQM-git/TCL/blob/106c0f3f1b349df0d76297243c72cd0dc043aa01/src/data/elemental_curves/player.json
13,44.446667,44.446667,192.19037,7.1,community,https://github.com/KQM-git/TCL/blob/106c0f3f1b349df0d76297243c72cd0dc043aa01/src/data/elemental_curves/player.json
14,48.56352,48.56352,204.0482,7.1,community,https://github.com/KQM-git/TCL/blob/106c0f3f1b349df0d76297243c72cd0dc043aa01/src/data/elemental_curves/player.json
15,53.74848,53.74848,215.939,7.1,community,https://github.com/KQM-git/TCL/blob/106c0f3f1b349df0d76297243c72cd0dc043aa01/src/data/elemental_curves/player.json
16,59.081898,59.081898,227.86275,7.1,community,https://github.com/KQM-git/TCL/blob/106c0f3f1b349df0d76297243c72cd0dc043aa01/src/data/elemental_curves/player.json
17,64.420044,64.420044,247.68594,7.1,community,https://github.com/KQM-git/TCL/blob/106c0f3f1b349df0d76297243c72cd0dc043aa01/src/data/elemental_curves/player.json
18,69.72446,69.72446,267.5421,7.1,community,https://github.com/KQM-git/TCL/blob/106c0f3f1b349df0d76297243c72cd0dc043aa01/src/data/elemental_curves/player.json
19,75.12314,75.12314,287.4312,7.1,community,https://github.com/KQM-git/TCL/blob/106c0f3f1b349df0d76297243c72cd0dc043aa01/src/data/elemental_curves/player.json
20,80.58478,80.58478,303.82642,7.1,community,https://github.com/KQM-git/TCL/blob/106c0f3f1b349df0d76297243c72cd0dc043aa01/src/data/elemental_curves/player.json
21,86.11203,86.11203,320.22522,7.1,community,https://github.com/KQM-git/TCL/blob/106c0f3f1b349df0d76297243c72cd0dc043aa01/src/data/elemental_curves/player.json
22,91.70374,91.70374,336.62762,7.1,community,https://github.com/KQM-git/TCL/blob/106c0f3f1b349df0d76297243c72cd0dc043aa01/src/data/elemental_curves/player.json
23,97.24463,97.24463,352.31927,7.1,community,https://github.com/KQM-git/TCL/blob/106c0f3f1b349df0d76297243c72cd0dc043aa01/src/data/elemental_curves/player.json
24,102.812645,102.812645,368.01093,7.1,community,https://github.com/KQM-git/TCL/blob/106c0f3f1b349df0d76297243c72cd0dc043aa01/src/data/elemental_curves/player.json
25,108.40956,108.40956,383.70255,7.1,community,https://github.com/KQM-git/TCL/blob/106c0f3f1b349df0d76297243c72cd0dc043aa01/src/data/elemental_curves/player.json
26,113.20169,113.20169,394.43237,7.1,community,https://github.com/KQM-git/TCL/blob/106c0f3f1b349df0d76297243c72cd0dc043aa01/src/data/elemental_curves/player.json
27,118.102905,118.102905,405.18146,7.1,community,https://github.com/KQM-git/TCL/blob/106c0f3f1b349df0d76297243c72cd0dc043aa01/src/data/elemental_curves/player.json
28,122.97932,122.97932,415.94992,7.1,community,https://github.com/KQM-git/TCL/blob/106c0f3f1b349df0d76297243c72cd0dc043aa01/src/data/elemental_curves/player.json
29,129.72733,129.72733,426.73764,7.1,community,https://github.com/KQM-git/TCL/blob/106c0f3f1b349df0d76297243c72cd0dc043aa01/src/data/elemental_curves/player.json
30,136.29291,136.29291,437.5447,7.1,community,https://github.com/KQM-git/TCL/blob/106c0f3f1b349df0d76297243c72cd0dc043aa01/src/data/elemental_curves/player.json
31,142.67085,142.67085,450.6,7.1,community,https://github.com/KQM-git/TCL/blob/106c0f3f1b349df0d76297243c72cd0dc043aa01/src/data/elemental_curves/player.json
32,149.02902,149.02902,463.7003,7.1,community,https://github.com/KQM-git/TCL/blob/106c0f3f1b349df0d76297243c72cd0dc043aa01/src/data/elemental_curves/player.json
33,155.41699,155.41699,476.84558,7.1,community,https://github.com/KQM-git/TCL/blob/106c0f3f1b349df0d76297243c72cd0dc043aa01/src/data/elemental_curves/player.json
34,161.8255,161.8255,491.1275,7.1,community,https://github.com/KQM-git/TCL/blob/106c0f3f1b349df0d76297243c72cd0dc043aa01/src/data/elemental_curves/player.json
35,169.10631,169.10631,502.55457,7.1,community,https://github.com/KQM-git/TCL/blob/106c0f3f1b349df0d76297243c72cd0dc043aa01/src/data/elemental_curves/player.json
36,176.51808,176.51808,514.0121,7.1,community,https://github.com/KQM-git/TCL/blob/106c0f3f1b349df0d76297243c72cd0dc043aa01/src/data/elemental_curves/player.json
37,184.07274,184.07274,531.4096,7.1,community,https://github.com/KQM-git/TCL/blob/106c0f3f1b349df0d76297243c72cd0dc043aa01/src/data/elemental_curves/player.json
38,191.70952,191.70952,549.9796,7.1,community,https://github.com/KQM-git/TCL/blob/106c0f3f1b349df0d76297243c72cd0dc043aa01/src/data/elemental_curves/player.json
39,199.55692,199.55692,568.5849,7.1,community,https://github.com/KQM-git/TCL/blob/106c0f3f1b349df0d76297243c72cd0dc043aa01/src/data/elemental_curves/player.json
40,207.38205,207.38205,584.9965,7.1,community,https://github.com/KQM-git/TCL/blob/106c0f3f1b349df0d76297243c72cd0dc043aa01/src/data/elemental_curves/player.json
41,215.3989,215.3989,605.67035,7.1,community,https://github.com/KQM-git/TCL/blob/106c0f3f1b349df0d76297243c72cd0dc043aa01/src/data/elemental_curves/player.json
42,224.16566,224.16566,626.3862,7.1,community,https://github.com/KQM-git/TCL/blob/106c0f3f1b349df0d76297243c72cd0dc043aa01/src/data/elemental_curves/player.json
43,233.50217,233.50217,646.0523,7.1,community,https://github.com/KQM-git/TCL/blob/106c0f3f1b349df0d76297243c72cd0dc043aa01/src/data/elemental_curves/player.json
44,243.35057,243.35057,665.7556,7.1,community,https://github.com/KQM-git/TCL/blob/106c0f3f1b349df0d76297243c72cd0dc043aa01/src/data/elemental_curves/player.json
45,256.06308,256.06308,685.4961,7.1,community,https://github.com/KQM-git/TCL/blob/106c0f3f1b349df0d76297243c72cd0dc043aa01/src/data/elemental_curves/player.json
46,268.5435,268.5435,700.8394,7.1,community,https://github.com/KQM-git/TCL/blob/106c0f3f1b349df0d76297243c72cd0dc043aa01/src/data/elemental_curves/player.json
47,281.52606,281.52606,723.3331,7.1,community,https://github.com/KQM-git/TCL/blob/106c0f3f1b349df0d76297243c72cd0dc043aa01/src/data/elemental_curves/player.json
48,295.01364,295.01364,745.8653,7.1,community,https://github.com/KQM-git/TCL/blob/106c0f3f1b349df0d76297243c72cd0dc043aa01/src/data/elemental_curves/player.json
49,309.0672,309.0672,768.4357,7.1,community,https://github.com/KQM-git/TCL/blob/106c0f3f1b349df0d76297243c72cd0dc043aa01/src/data/elemental_curves/player.json
50,323.6016,323.6016,786.79193,7.1,community,https://github.com/KQM-git/TCL/blob/106c0f3f1b349df0d76297243c72cd0dc043aa01/src/data/elemental_curves/player.json
51,336.75754,336.75754,809.5388,7.1,community,https://github.com/KQM-git/TCL/blob/106c0f3f1b349df0d76297243c72cd0dc043aa01/src/data/elemental_curves/player.json
52,350.5303,350.5303,832.32904,7.1,community,https://github.com/KQM-git/TCL/blob/106c0f3f1b349df0d76297243c72cd0dc043aa01/src/data/elemental_curves/player.json
53,364.4827,364.4827,855.16266,7.1,community,https://github.com/KQM-git/TCL/blob/106c0f3f1b349df0d76297243c72cd0dc043aa01/src/data/elemental_curves/player.json
54,378.61917,378.61917,878.0396,7.1,community,https://github.com/KQM-git/TCL/blob/106c0f3f1b349df0d76297243c72cd0dc043aa01/src/data/elemental_curves/player.json
55,398.6004,398.6004,899.4848,7.1,community,https://github.com/KQM-git/TCL/blob/106c0f3f1b349df0d76297243c72cd0dc043aa01/src/data/elemental_curves/player.json
56,416.39825,416.39825,919.362,7.1,community,https://github.com/KQM-git/TCL/blob/106c0f3f1b349df0d76297243c72cd0dc043aa01/src/data/elemental_curves/player.json
57,434.387,434.387,946.0396,7.1,community,https://github.com/KQM-git/TCL/blob/106c0f3f1b349df0d76297243c72cd0dc043aa01/src/data/elemental_curves/player.json
58,452.95105,452.5668,974.7642,7.1,community,https://github.com/KQM-git/TCL/blob/106c0f3f1b349df0d76297243c72cd0dc043aa01/src/data/elemental_curves/player.json
59,472.60623,471.42627,1003.5786,7.1,community,https://github.com/KQM-git/TCL/blob/106c0f3f1b349df0d76297243c72cd0dc043aa01/src/data/elemental_curves/player.json
60,492.8849,490.48166,1030.077,7.1,community,https://github.com/KQM-git/TCL/blob/106c0f3f1b349df0d76297243c72cd0dc043aa01/src/data/elemental_curves/player.json
61,513.56854,509.50427,1056.635,7.1,community,https://github.com/KQM-git/TCL/blob/106c0f3f1b349df0d76297243c72cd0dc043aa01/src/data/elemental_curves/player.json
62,539.1032,532.7718,1085.2463,7.1,community,https://github.com/KQM-git/TCL/blob/106c0f3f1b349df0d76297243c72cd0dc043aa01/src/data/elemental_curves/player.json
63,565.51056,556.3933,1113.9244,7.1,community,https://github.com/KQM-git/TCL/blob/106c0f3f1b349df0d76297243c72cd0dc043aa01/src/data/elemental_curves/player.json
64,592.53876,580.103,1149.2587,7.1,community,https://github.com/KQM-git/TCL/blob/106c0f3f1b349df0d76297243c72cd0dc043aa01/src/data/elemental_curves/player.json
65,624.4434,607.89496,1178.0648,7.1,community,https://github.com/KQM-git/TCL/blob/106c0f3f1b349df0d76297243c72cd0dc043aa01/src/data/elemental_curves/player.json
66,651.47015,630.20135,1200.2238,7.1,community,https://github.com/KQM-git/TCL/blob/106c0f3f1b349df0d76297243c72cd0dc043aa01/src/data/elemental_curves/player.json
67,679.4968,652.8668,1227.6603,7.1,community,https://github.com/KQM-git/TCL/blob/106c0f3f1b349df0d76297243c72cd0dc043aa01/src/data/elemental_curves/player.json
68,707.79407,675.18634,1257.243,7.1,community,https://github.com/KQM-git/TCL/blob/106c0f3f1b349df0d76297243c72cd0dc043aa01/src/data/elemental_curves/player.json
69,736.67145,697.78265,1284.9174,7.1,community,https://github.com/KQM-git/TCL/blob/106c0f3f1b349df0d76297243c72cd0dc043aa01/src/data/elemental_curves/player.json
70,765.64026,720.17035,1314.7529,7.1,community,https://github.com/KQM-git/TCL/blob/106c0f3f1b349df0d76297243c72cd0dc043aa01/src/data/elemental_curves/player.json
71,794.7734,742.45465,1342.6652,7.1,community,https://github.com/KQM-git/TCL/blob/106c0f3f1b349df0d76297243c72cd0dc043aa01/src/data/elemental_curves/player.json
72,824.67737,765.2055,1372.7524,7.1,community,https://github.com/KQM-git/TCL/blob/106c0f3f1b349df0d76297243c72cd0dc043aa01/src/data/elemental_curves/player.json
73,851.1578,784.37463,1396.321,7.1,community,https://github.com/KQM-git/TCL/blob/106c0f3f1b349df0d76297243c72cd0dc043aa01/src/data/elemental_curves/player.json
74,877.74207,803.4012,1427.3124,7.1,community,https://github.com/KQM-git/TCL/blob/106c0f3f1b349df0d76297243c72cd0dc043aa01/src/data/elemental_curves/player.json
75,914.2291,830.9208,1458.3745,7.1,community,https://github.com/KQM-git/TCL/blob/106c0f3f1b349df0d76297243c72cd0dc043aa01/src/data/elemental_curves/player.json
76,946.74677,854.4033,1482.3358,7.1,community,https://github.com/KQM-git/TCL/blob/106c0f3f1b349df0d76297243c72cd0dc043aa01/src/data/elemental_curves/player.json
77,979.4114,877.75977,1511.9109,7.1,community,https://github.com/KQM-git/TCL/blob/106c0f3f1b349df0d76297243c72cd0dc043aa01/src/data/elemental_curves/player.json
78,1011.223,900.11725,1541.5493,7.1,community,https://github.com/KQM-git/TCL/blob/106c0f3f1b349df0d76297243c72cd0dc043aa01/src/data/elemental_curves/player.json
79,1044.7917,923.76666,1569.1537,7.1,community,https://github.com/KQM-git/TCL/blob/106c0f3f1b349df0d76297243c72cd0dc043aa01/src/data/elemental_curves/player.json
80,1077.4437,946.37024,1596.8143,7.1,community,https://github.com/KQM-git/TCL/blob/106c0f3f1b349df0d76297243c72cd0dc043aa01/src/data/elemental_curves/player.json
81,1109.9976,968.63416,1622.4197,7.1,community,https://github.com/KQM-git/TCL/blob/106c0f3f1b349df0d76297243c72cd0dc043aa01/src/data/elemental_curves/player.json
82,1142.9766,991.02936,1648.074,7.1,community,https://github.com/KQM-git/TCL/blob/106c0f3f1b349df0d76297243c72cd0dc043aa01/src/data/elemental_curves/player.json
83,1176.3695,1013.5271,1666.3761,7.1,community,https://github.com/KQM-git/TCL/blob/106c0f3f1b349df0d76297243c72cd0dc043aa01/src/data/elemental_curves/player.json
84,1210.1844,1036.1329,1684.6782,7.1,community,https://github.com/KQM-git/TCL/blob/106c0f3f1b349df0d76297243c72cd0dc043aa01/src/data/elemental_curves/player.json
85,1253.8357,1066.6237,1702.9803,7.1,community,https://github.com/KQM-git/TCL/blob/106c0f3f1b349df0d76297243c72cd0dc043aa01/src/data/elemental_curves/player.json
86,1288.9528,1089.9642,1726.1047,7.1,community,https://github.com/KQM-git/TCL/blob/106c0f3f1b349df0d76297243c72cd0dc043aa01/src/data/elemental_curves/player.json
87,1325.4841,1114.9645,1754.6715,7.1,community,https://github.com/KQM-git/TCL/blob/106c0f3f1b349df0d76297243c72cd0dc043aa01/src/data/elemental_curves/player.json
88,1363.4569,1141.6626,1785.8666,7.1,community,https://github.com/KQM-git/TCL/blob/106c0f3f1b349df0d76297243c72cd0dc043aa01/src/data/elemental_curves/player.json
89,1405.0974,1171.9418,1817.1375,7.1,community,https://github.com/KQM-git/TCL/blob/106c0f3f1b349df0d76297243c72cd0dc043aa01/src/data/elemental_curves/player.json
90,1446.8535,1202.8137,1851.0603,7.1,community,https://github.com/KQM-git/TCL/blob/106c0f3f1b349df0d76297243c72cd0dc043aa01/src/data/elemental_curves/player.json
91,1462.788,1233.94,1885.0671,7.1,community,https://github.com/KQM-git/TCL/blob/106c0f3f1b349df0d76297243c72cd0dc043aa01/src/data/elemental_curves/player.json
92,1475.6956,1264.6997,1921.7493,7.1,community,https://github.com/KQM-git/TCL/blob/106c0f3f1b349df0d76297243c72cd0dc043aa01/src/data/elemental_curves/player.json
93,1497.9644,1305.6895,1958.5233,7.1,community,https://github.com/KQM-git/TCL/blob/106c0f3f1b349df0d76297243c72cd0dc043aa01/src/data/elemental_curves/player.json
94,1516.9423,1346.0844,2006.1941,7.1,community,https://github.com/KQM-git/TCL/blob/106c0f3f1b349df0d76297243c72cd0dc043aa01/src/data/elemental_curves/player.json
95,1561.468,1411.7382,2041.569,7.1,community,https://github.com/KQM-git/TCL/blob/106c0f3f1b349df0d76297243c72cd0dc043aa01/src/data/elemental_curves/player.json
96,1593.5062,1468.8745,2054.4722,7.1,community,https://github.com/KQM-git/TCL/blob/106c0f3f1b349df0d76297243c72cd0dc043aa01/src/data/elemental_curves/player.json
97,1621.0258,1524.0413,2065.975,7.1,community,https://github.com/KQM-git/TCL/blob/106c0f3f1b349df0d76297243c72cd0dc043aa01/src/data/elemental_curves/player.json
98,1643.8679,1576.9663,2174.7227,7.1,community,https://github.com/KQM-git/TCL/blob/106c0f3f1b349df0d76297243c72cd0dc043aa01/src/data/elemental_curves/player.json
99,1662.1382,1627.613,2186.7683,7.1,community,https://github.com/KQM-git/TCL/blob/106c0f3f1b349df0d76297243c72cd0dc043aa01/src/data/elemental_curves/player.json
100,1674.8092,1674.8092,2198.814,7.1,community,https://github.com/KQM-git/TCL/blob/106c0f3f1b349df0d76297243c72cd0dc043aa01/src/data/elemental_curves/player.json
