reaction_id,reaction_zh,reaction_en,category,trigger_element,aura_element,damage_element,base_multiplier,em_scaling,can_crit,uses_def_zone,notes,version,source,source_url
vaporize_strong,蒸发·强,Vaporize (Forward),amplifying,hydro,pyro,,2,amplifying,true,true,水触发火附着；伤害元素为触发攻击的元素,7.1,community,https://github.com/KQM-git/TCL/blob/106c0f3f1b349df0d76297243c72cd0dc043aa01/docs/combat-mechanics/_formulas/amplifying.md
vaporize_weak,蒸发·弱,Vaporize (Reverse),amplifying,pyro,hydro,,1.5,amplifying,true,true,火触发水附着；伤害元素为触发攻击的元素,7.1,community,https://github.com/KQM-git/TCL/blob/106c0f3f1b349df0d76297243c72cd0dc043aa01/docs/combat-mechanics/_formulas/amplifying.md
melt_strong,融化·强,Melt (Forward),amplifying,pyro,cryo,,2,amplifying,true,true,火触发冰附着；伤害元素为触发攻击的元素,7.1,community,https://github.com/KQM-git/TCL/blob/106c0f3f1b349df0d76297243c72cd0dc043aa01/docs/combat-mechanics/_formulas/amplifying.md
melt_weak,融化·弱,Melt (Reverse),amplifying,cryo,pyro,,1.5,amplifying,true,true,冰触发火附着；伤害元素为触发攻击的元素,7.1,community,https://github.com/KQM-git/TCL/blob/106c0f3f1b349df0d76297243c72cd0dc043aa01/docs/combat-mechanics/_formulas/amplifying.md
overloaded,超载,Overloaded,transformative,pyro;electro,electro;pyro,pyro,2.75,transformative,false,false,反应内建 ICD 0.5 秒,7.1,community,https://github.com/KQM-git/TCL/blob/106c0f3f1b349df0d76297243c72cd0dc043aa01/docs/combat-mechanics/_formulas/transformative.md
superconduct,超导,Superconduct,transformative,electro;cryo,cryo;electro,cryo,1.5,transformative,false,false,使敌人物理抗性降低 40%、持续 12 秒（不影响冰/雷抗性）,7.1,community,https://github.com/KQM-git/TCL/blob/106c0f3f1b349df0d76297243c72cd0dc043aa01/docs/combat-mechanics/_formulas/transformative.md
electro_charged,感电,Electro-Charged,transformative,hydro;electro,electro;hydro,electro,2,transformative,false,false,每秒一跳；倍率为 2×ECTriggers,7.1,community,https://github.com/KQM-git/TCL/blob/106c0f3f1b349df0d76297243c72cd0dc043aa01/docs/combat-mechanics/_formulas/transformative.md
shattered,碎冰,Shattered,transformative,,frozen,physical,3,transformative,false,false,钝击命中冻结目标触发；与烈绽放/超绽放同倍率,7.1,community,https://github.com/KQM-git/TCL/blob/106c0f3f1b349df0d76297243c72cd0dc043aa01/docs/combat-mechanics/_formulas/transformative.md
swirl,扩散,Swirl,transformative,anemo,pyro;hydro;cryo;electro,,0.6,transformative,false,false,伤害元素为被扩散的元素；伤害取触发扩散者的等级与精通,7.1,community,https://github.com/KQM-git/TCL/blob/106c0f3f1b349df0d76297243c72cd0dc043aa01/docs/combat-mechanics/_formulas/transformative.md
crystallize,结晶,Crystallize,transformative,geo,pyro;hydro;cryo;electro,none,0,none,false,false,不造成伤害；护盾吸收量吃触发者的等级与精通（见 level_coefficients 的 shield_multiplier）,7.1,community,https://github.com/KQM-git/TCL/blob/106c0f3f1b349df0d76297243c72cd0dc043aa01/docs/combat-mechanics/elemental-effects/transformative-reactions.md
burning,燃烧,Burning,transformative,pyro;dendro,dendro;pyro,pyro,0.25,transformative,false,false,每 0.25 秒一跳；归属由最后刷新附着的一方决定,7.1,community,https://github.com/KQM-git/TCL/blob/106c0f3f1b349df0d76297243c72cd0dc043aa01/docs/combat-mechanics/_formulas/transformative.md
bloom,绽放,Bloom,transformative,hydro;dendro,dendro;hydro,none,2,transformative,false,false,生成草原核，本身不造成伤害,7.1,community,https://github.com/KQM-git/TCL/blob/106c0f3f1b349df0d76297243c72cd0dc043aa01/docs/combat-mechanics/_formulas/transformative.md
bloom_explosion,草原核爆炸,Bloom Explosion,transformative,,,dendro,2,transformative,false,false,草原核 6 秒后、或场上第 6 个生成时爆炸；对玩家伤害减 95%,7.1,community,https://github.com/KQM-git/TCL/blob/106c0f3f1b349df0d76297243c72cd0dc043aa01/docs/combat-mechanics/elemental-effects/transformative-reactions.md
hyperbloom,超绽放,Hyperbloom,transformative,electro,,dendro,3,transformative,false,false,雷作用于草原核；伤害取触发者的等级与精通,7.1,community,https://github.com/KQM-git/TCL/blob/106c0f3f1b349df0d76297243c72cd0dc043aa01/docs/combat-mechanics/elemental-effects/transformative-reactions.md
burgeon,烈绽放,Burgeon,transformative,pyro,,dendro,3,transformative,false,false,火作用于草原核；伤害取触发者；会伤及自身（对玩家减 95%）,7.1,community,https://github.com/KQM-git/TCL/blob/106c0f3f1b349df0d76297243c72cd0dc043aa01/docs/combat-mechanics/elemental-effects/transformative-reactions.md
quicken,原激化,Quicken,additive,dendro,electro,none,,additive,,,生成激化状态，本身无伤害,7.1,community,https://github.com/KQM-git/TCL/blob/106c0f3f1b349df0d76297243c72cd0dc043aa01/docs/combat-mechanics/_formulas/additive.md
aggravate,超激化,Aggravate,additive,electro,quicken,,1.15,additive,true,true,对激化状态敌人造成雷伤时加到基础伤害区,7.1,community,https://github.com/KQM-git/TCL/blob/106c0f3f1b349df0d76297243c72cd0dc043aa01/docs/combat-mechanics/_formulas/additive.md
spread,蔓激化,Spread,additive,dendro,quicken,,1.25,additive,true,true,对激化状态敌人造成草伤时加到基础伤害区,7.1,community,https://github.com/KQM-git/TCL/blob/106c0f3f1b349df0d76297243c72cd0dc043aa01/docs/combat-mechanics/_formulas/additive.md
aggravated_swirl,激化扩散,Aggravated Swirl,transformative,anemo,quicken,electro,0.6,transformative,false,false,雷扩散接触激化附着时触发；虽由激化引发，但按剧变反应计算,7.1,community,https://github.com/KQM-git/TCL/blob/106c0f3f1b349df0d76297243c72cd0dc043aa01/docs/combat-mechanics/elemental-effects/transformative-reactions.md
frozen,冻结,Frozen,none,cryo,hydro,none,,none,,,无直接伤害；冻结附着量 = 2×min(原附着量、触发附着量),7.1,community,https://github.com/KQM-git/TCL/blob/106c0f3f1b349df0d76297243c72cd0dc043aa01/docs/combat-mechanics/elemental-effects/elemental-gauge-theory.md
