resonance_id,effect_index,element_pair,name_zh,name_en,effect_type,effect_summary,value,value_unit,condition,version,source,source_url
fervent_flames,1,pyro;pyro,炽热之火,Fervent Flames,aura_duration,受到冰元素影响的时间减少 40%,40,pct,队伍中有 2 名火元素角色,7.1,community,https://github.com/KQM-git/TCL/blob/106c0f3f1b349df0d76297243c72cd0dc043aa01/docs/combat-mechanics/elemental-effects/elemental-resonance.md
fervent_flames,2,pyro;pyro,炽热之火,Fervent Flames,stat_buff,攻击力提高 25%,25,pct,队伍中有 2 名火元素角色,7.1,community,https://github.com/KQM-git/TCL/blob/106c0f3f1b349df0d76297243c72cd0dc043aa01/docs/combat-mechanics/elemental-effects/elemental-resonance.md
soothing_water,1,hydro;hydro,滋润之水,Soothing Water,aura_duration,受到火元素影响的时间减少 40%,40,pct,队伍中有 2 名水元素角色,7.1,community,https://github.com/KQM-git/TCL/blob/106c0f3f1b349df0d76297243c72cd0dc043aa01/docs/combat-mechanics/elemental-effects/elemental-resonance.md
soothing_water,2,hydro;hydro,滋润之水,Soothing Water,stat_buff,生命值上限提高 25%,25,pct,队伍中有 2 名水元素角色,7.1,community,https://github.com/KQM-git/TCL/blob/106c0f3f1b349df0d76297243c72cd0dc043aa01/docs/combat-mechanics/elemental-effects/elemental-resonance.md
high_voltage,1,electro;electro,强压之雷,High Voltage,aura_duration,受到水元素影响的时间减少 40%,40,pct,队伍中有 2 名雷元素角色,7.1,community,https://github.com/KQM-git/TCL/blob/106c0f3f1b349df0d76297243c72cd0dc043aa01/docs/combat-mechanics/elemental-effects/elemental-resonance.md
high_voltage,2,electro;electro,强压之雷,High Voltage,energy_generation,超导、超载、感电反应 100% 概率产生雷元素微粒（冷却 5 秒）,100,pct,队伍中有 2 名雷元素角色,7.1,community,https://github.com/KQM-git/TCL/blob/106c0f3f1b349df0d76297243c72cd0dc043aa01/docs/combat-mechanics/elemental-effects/elemental-resonance.md
shattering_ice,1,cryo;cryo,粉碎之冰,Shattering Ice,aura_duration,受到雷元素影响的时间减少 40%,40,pct,队伍中有 2 名冰元素角色,7.1,community,https://github.com/KQM-git/TCL/blob/106c0f3f1b349df0d76297243c72cd0dc043aa01/docs/combat-mechanics/elemental-effects/elemental-resonance.md
shattering_ice,2,cryo;cryo,粉碎之冰,Shattering Ice,stat_buff,对处于冻结状态或附着冰元素的敌人暴击率提高 15%,15,pct,队伍中有 2 名冰元素角色,7.1,community,https://github.com/KQM-git/TCL/blob/106c0f3f1b349df0d76297243c72cd0dc043aa01/docs/combat-mechanics/elemental-effects/elemental-resonance.md
impetuous_winds,1,anemo;anemo,迅捷之风,Impetuous Winds,stamina_cost,体力消耗降低 15%,15,pct,队伍中有 2 名风元素角色,7.1,community,https://github.com/KQM-git/TCL/blob/106c0f3f1b349df0d76297243c72cd0dc043aa01/docs/combat-mechanics/elemental-effects/elemental-resonance.md
impetuous_winds,2,anemo;anemo,迅捷之风,Impetuous Winds,movement_speed,移动速度提高 10%,10,pct,队伍中有 2 名风元素角色,7.1,community,https://github.com/KQM-git/TCL/blob/106c0f3f1b349df0d76297243c72cd0dc043aa01/docs/combat-mechanics/elemental-effects/elemental-resonance.md
impetuous_winds,3,anemo;anemo,迅捷之风,Impetuous Winds,cooldown_reduction,技能冷却时间缩短 5%,5,pct,队伍中有 2 名风元素角色,7.1,community,https://github.com/KQM-git/TCL/blob/106c0f3f1b349df0d76297243c72cd0dc043aa01/docs/combat-mechanics/elemental-effects/elemental-resonance.md
enduring_rock,1,geo;geo,坚定之岩,Enduring Rock,shield_strength,护盾强效提高 15%,15,pct,队伍中有 2 名岩元素角色,7.1,community,https://github.com/KQM-git/TCL/blob/106c0f3f1b349df0d76297243c72cd0dc043aa01/docs/combat-mechanics/elemental-effects/elemental-resonance.md
enduring_rock,2,geo;geo,坚定之岩,Enduring Rock,damage_bonus,处于护盾保护下时造成的伤害提高 15%,15,pct,队伍中有 2 名岩元素角色,7.1,community,https://github.com/KQM-git/TCL/blob/106c0f3f1b349df0d76297243c72cd0dc043aa01/docs/combat-mechanics/elemental-effects/elemental-resonance.md
enduring_rock,3,geo;geo,坚定之岩,Enduring Rock,resistance_shred,对敌人造成伤害时使其岩元素抗性降低 20%、持续 15 秒,20,pct,队伍中有 2 名岩元素角色,7.1,community,https://github.com/KQM-git/TCL/blob/106c0f3f1b349df0d76297243c72cd0dc043aa01/docs/combat-mechanics/elemental-effects/elemental-resonance.md
sprawling_greenery,1,dendro;dendro,蔓生之草,Sprawling Greenery,stat_buff,触发燃烧、原激化或绽放反应后，附近队伍成员元素精通提高 30、持续 6 秒,30,flat,队伍中有 2 名草元素角色,7.1,community,https://github.com/KQM-git/TCL/blob/106c0f3f1b349df0d76297243c72cd0dc043aa01/docs/combat-mechanics/elemental-effects/elemental-resonance.md
sprawling_greenery,2,dendro;dendro,蔓生之草,Sprawling Greenery,stat_buff,触发超激化、蔓激化、超绽放或烈绽放反应后，附近队伍成员元素精通提高 20、持续 6 秒,20,flat,队伍中有 2 名草元素角色,7.1,community,https://github.com/KQM-git/TCL/blob/106c0f3f1b349df0d76297243c72cd0dc043aa01/docs/combat-mechanics/elemental-effects/elemental-resonance.md
protective_canopy,1,any;any,庇护之光,Protective Canopy,resistance_buff,所有元素抗性提高 15%,15,pct,队伍中有 4 名不同元素角色,7.1,community,https://github.com/KQM-git/TCL/blob/106c0f3f1b349df0d76297243c72cd0dc043aa01/docs/combat-mechanics/elemental-effects/elemental-resonance.md
protective_canopy,2,any;any,庇护之光,Protective Canopy,resistance_buff,物理抗性提高 15%,15,pct,队伍中有 4 名不同元素角色,7.1,community,https://github.com/KQM-git/TCL/blob/106c0f3f1b349df0d76297243c72cd0dc043aa01/docs/combat-mechanics/elemental-effects/elemental-resonance.md
